cluster,benchmark_context,KAP,KAP_err_analytic,GKI,GKI_err,Ds_raw,Ds_corr
NGC0362,Near-isotropic HST profile with local radial variation,0.0121558406503014,0.0179293862470058,-0.1070071059061081,0.0135210052184374,0.9226012614583052,0.0
NGC0104,Weak radial anisotropy in the HST-covered region,-0.0263310856799495,0.0100771893050961,-0.1072390769030058,0.0086589217652004,0.5148027876009011,0.0
NGC7078,Published radial-anisotropy benchmark,-0.1002303756859923,0.0140883215712252,-0.172600735999693,0.0100964286968023,0.129313746224327,0.0009944784749035
NGC1851,Structured local beta(R) profile,-0.0250735597254816,0.0162769966411801,-0.2166712119891492,0.0129835636403475,0.955222936154497,0.1177377166817701
NGC2808,Radial-KAP benchmark in this sample,-0.0725693345279348,0.0117534051380984,-0.1650764605466171,0.0100775068099321,0.1413406674265962,0.0
